Type,Capa,Deck,System,Type.1,Engine,Shaft,B.I_0,B.I_7,Authority,Act.F,7.10INSULATION,7.12.2PIPINGMATERIALSANDAPPLICATION,7.2.1.MAINENGINE,7.2.10HEATEXCHANGER,7.2.11FRESHWATERSERVICESYSTEM,7.2.12WORKSHOPEQUIPMENT,7.2.13VENTILATIONFAN,7.2.14MISCELLANEOUS,7.2.15FILTERANDSTRAINER,7.2.16TANK,7.2.2SHAFTING,7.2.3PROPELLER,7.2.4.1AUXILIARYBOILER,7.2.4.2EXHAUSTGASBOILER,7.2.5PRIMEMOVERFORELECTRICGENERATOR,7.2.6PUMP,7.2.7FUELOILSUPPLYUNIT,7.2.8AIRCOMPRESSORANDRESERVOIR,7.2.9OILPURIFIER,7.3.2.OPENINSPECTIONATSHOP,7.2.10FRESHWATERSERVICESYSTEM,7.2.11WORKSHOPEQUIPMENT,7.2.12VENTILATIONFAN,7.2.13MISCELLANEOUS,7.2.14FILTERANDSTRAINER,7.2.15TANK,7.2.4.2COMPOSITEBOILER,7.2.6.1FUELOILSUPPLYUNIT,7.2.7AIRCOMPRESSORANDRESERVOIR,7.2.8OILPURIFIER,7.2.9HEATEXCHANGER,7.2.4.2EXHAUSTGASECONOMIZER,7.2.1MAINENGINE,7.2.4.3THERMALOILHEATER,7.3.4.POSTSEATRIALINSPECTION,7.3.2OPENINSPECTIONATSHOP
CT,52K,3,Conventional,B & W,Single,Single,33,90,Normal,0.800013231,0,12,0,8,0,0,0,2,11,6,2,0,0,1,4,19,3,0,0,0,0,0,0,0,0,0,0,0,0,0,0,0,0,0,0,0
CT,52K,3,Conventional,B & W,Single,Single,37,104,Normal,1,1,2,5,0,0,0,0,0,0,0,0,0,0,0,2,14,0,0,0,0,0,6,5,9,4,4,0,23,0,1,6,0,0,0,0,0
CT,52K,3,Conventional,B & W,Single,Single,59,131,Normal,0.6174914,0,1,1,19,8,0,0,10,10,11,0,0,0,0,2,26,6,0,15,0,0,0,0,0,0,0,0,0,0,0,0,3,0,0,0,0
CT,52K,3,Conventional,B & W,Single,Single,56,75,Normal,0.750017679,0,0,0,3,4,0,0,14,3,29,2,0,0,0,4,6,1,0,1,0,0,0,0,0,0,0,0,0,0,0,0,0,0,0,0,0
CT,47K,3,Conventional,B & W,Single,Single,66,194,Normal,0.645710636,0,7,4,13,0,0,0,7,9,49,2,0,1,0,7,19,25,0,3,0,0,0,0,0,0,0,0,0,0,0,0,0,0,0,0,0
CT,52K,3,Conventional,B & W,Single,Single,7,97,Normal,0.993400979,0,0,9,6,3,0,0,1,0,21,2,0,0,0,4,15,0,2,0,0,0,0,0,0,0,0,0,0,0,0,0,1,0,0,0,0
CT,49.9K,3,Conventional,B & W,Single,Single,4,110,Normal,0.750017679,0,0,9,10,0,0,0,7,4,23,2,0,0,0,5,16,0,2,0,0,0,0,0,0,0,0,19,0,0,0,0,0,0,0,0,0
CT,52K,3,Conventional,B & W,Single,Single,2,143,Normal,0.993400979,0,0,9,14,13,0,0,1,0,24,6,0,0,0,4,15,4,2,0,0,0,0,0,0,0,0,0,0,0,0,0,1,0,0,0,0
CT,52K,3,Conventional,B & W,Single,Single,7,161,Normal,0.65,0,0,2,1,4,2,0,12,0,12,4,0,0,0,2,8,0,0,0,0,0,0,0,0,0,0,0,0,0,0,0,0,0,0,0,0
CT,52K,3,Conventional,B & W,Single,Single,22,69,Normal,0.993400979,0,0,0,0,0,6,0,3,4,14,4,0,0,0,2,6,0,0,0,0,0,0,0,0,0,0,0,0,0,0,0,0,0,0,0,0
CT,52K,3,Conventional,B & W,Single,Single,4,60,Normal,1,0,0,2,1,1,5,0,11,1,10,2,0,0,0,2,9,2,0,0,0,0,0,0,0,0,0,0,0,0,0,0,0,0,0,0,0
CT,50K,3,Conventional,B & W,Single,Single,383,327,Normal,1,0,4,8,13,5,13,1,4,4,42,5,0,0,0,2,21,5,10,2,0,0,0,0,0,0,0,4,0,0,0,0,0,0,0,0,0
CT,50K,3,Conventional,B & W,Single,Single,12,139,Normal,0.649968069,0,0,11,14,1,0,0,15,4,24,2,0,0,0,5,17,0,16,0,0,0,0,0,0,0,0,19,0,0,0,0,0,0,0,0,0
CT,50K,3,Conventional,B & W,Single,Single,46,47,Normal,0.855974524,0,0,6,6,0,0,0,4,3,0,1,0,0,0,0,6,0,0,0,0,0,0,0,0,0,0,1,0,0,0,0,0,0,0,0,0
CT,50K,3,Conventional,B & W,Single,Single,42,34,Normal,0.663964681,0,0,6,6,0,0,0,4,3,0,1,0,0,0,0,5,0,0,0,0,0,0,0,0,0,0,3,0,0,0,0,0,0,0,0,0
CT,50K,3,Conventional,B & W,Single,Single,92,121,Normal,0.74998208,15,2,1,3,0,0,0,2,4,0,2,0,1,0,6,1,0,0,0,0,0,0,0,0,0,0,1,0,0,0,0,0,0,0,0,0
CT,50K,3,Conventional,B & W,Single,Single,83,140,Normal,0.900021287,0,0,4,5,1,0,0,9,7,24,3,2,1,0,0,32,3,15,0,0,0,0,0,0,0,0,2,0,0,0,0,0,0,0,0,0
CT,50K,3,Conventional,B & W,Single,Single,79,97,Normal,0.900007168,0,0,1,4,2,0,0,8,7,17,3,0,0,0,2,8,7,4,0,0,0,0,0,0,0,0,2,0,0,0,0,0,0,0,0,0
CT,50K,3,Conventional,B & W,Single,Single,92,78,Normal,1,0,1,5,3,0,0,0,6,3,8,1,0,0,0,5,9,0,0,0,0,0,0,0,0,0,0,1,0,0,0,0,0,0,0,0,0
CT,50K,3,Conventional,B & W,Single,Single,104,92,Normal,0.950039424,0,0,0,5,0,0,2,2,4,6,1,1,0,0,16,13,2,1,0,0,0,0,0,0,0,0,0,0,0,0,0,0,3,0,0,0
CT,50K,3,Conventional,B & W,Single,Single,13,183,ICE CLASS 1B,0.699949824,0,0,11,14,1,0,1,16,4,28,2,0,0,0,7,25,0,16,0,0,0,0,0,0,0,0,19,0,0,0,0,0,0,0,0,0
CT,50K,3,New System,B & W,Single,Single,78,357,Normal,0.904031266,0,29,16,15,4,12,10,12,6,40,7,2,1,0,9,51,8,25,16,0,0,0,0,0,0,0,1,0,0,0,0,0,0,0,0,0
CT,52K,3,Conventional,B & W,Single,Single,125,129,Normal,0.929969178,0,0,0,5,1,1,2,4,9,9,2,1,0,0,16,15,3,15,0,0,0,0,0,0,0,0,0,0,0,0,0,0,3,0,0,0
CT,50K,3,Conventional,B & W,Single,Single,59,103,Normal,0.950039424,0,9,1,4,0,0,1,8,9,6,1,0,2,0,2,15,0,0,1,0,0,0,0,0,0,0,0,0,0,0,0,0,0,0,0,0
CT,50K,3,Conventional,B & W,Single,Single,57,50,Normal,0.929969178,0,0,0,3,1,2,0,8,3,3,3,0,1,0,4,8,0,0,0,0,0,0,0,0,0,0,0,0,0,0,0,0,0,0,0,0
CT,50K,3,Conventional,B & W,Single,Single,54,69,Normal,0.855974524,0,0,6,6,1,0,0,5,3,11,1,0,0,0,2,14,0,0,0,0,0,0,0,0,0,0,1,0,0,0,0,0,0,0,0,0
CT,50K,3,New System,B & W,Single,Single,65,285,Normal,1.086271949,0,42,8,39,0,0,0,12,10,25,3,0,0,0,2,21,0,9,15,0,0,0,0,0,0,0,1,0,0,0,0,0,0,13,0,0
CT,50K,3,Conventional,B & W,Single,Single,15,250,Normal,0.950039424,0,0,9,9,4,2,0,14,0,21,4,0,0,0,2,27,0,3,0,0,0,0,0,0,0,0,19,0,0,0,0,0,0,0,0,0
CT,50K,3,Conventional,B & W,Single,Single,539,744,Normal,0.952015633,0,0,0,15,4,42,8,17,3,24,4,2,2,0,1,23,2,16,0,0,0,0,0,0,0,0,1,0,0,0,0,0,0,0,0,0
CT,50K,3,Conventional,B & W,Single,Single,87,144,Normal,0.889920906,0,11,1,12,4,2,0,8,10,30,2,0,0,0,2,8,0,0,1,0,0,0,0,0,0,0,0,0,0,0,0,0,0,0,0,0
CT,52K,3,Conventional,B & W,Single,Single,66,172,Normal,0.947609027,0,0,11,11,6,0,0,22,4,35,2,0,0,0,5,18,3,16,0,0,0,0,0,0,0,0,1,0,0,0,0,0,0,0,0,0
CT,40K,3,Conventional,B & W,Single,Single,205,238,Normal,0.851618053,0,0,10,5,6,0,0,26,9,35,2,0,0,0,4,10,16,0,0,0,0,0,0,0,0,0,1,0,0,0,0,0,0,0,0,0
CT,50K,3,Conventional,B & W,Single,Single,81,283,Normal,0.90087802,0,4,2,3,5,7,4,13,13,41,2,0,1,0,0,16,2,0,0,0,0,0,0,0,0,0,0,0,0,0,0,0,0,0,28,0
CT,50K,3,New System,B & W,Single,Single,182,228,Normal,0.71503899,0,2,7,7,0,0,0,1,4,29,1,0,0,0,2,10,0,3,0,0,0,0,0,0,0,0,0,0,0,0,0,1,0,0,0,0
CT,50K,3,Conventional,B & W,Single,Single,43,54,Normal,0.88368043,0,0,0,2,1,0,0,8,3,11,4,0,0,0,2,13,0,0,0,0,0,0,0,0,0,0,0,0,0,0,0,0,0,0,0,0
CT,50K,3,Conventional,B & W,Single,Single,6,42,Normal,0.439082795,0,0,5,7,1,0,0,1,3,2,2,0,0,0,0,9,0,1,2,0,0,0,0,0,0,0,1,0,0,0,0,0,0,0,0,0
CT,50K,3,Conventional,B & W,Single,Single,85,35,Normal,0.742146305,0,4,4,0,5,44,0,26,0,23,2,0,3,0,0,25,4,26,24,4,0,0,0,0,0,0,20,0,0,0,0,0,0,0,0,0
CT,49K,3,Conventional,SULZER,Single,Single,223,122,Normal,1.017452655,0,0,0,2,0,0,0,1,3,0,1,0,1,0,3,0,0,0,0,0,0,0,0,0,0,0,0,0,0,0,0,0,0,0,0,0
CT,17K,3,Conventional,B & W,Single,Single,9,26,Normal,0.699962867,21,0,0,4,4,9,0,3,3,19,1,0,0,0,0,7,1,0,0,0,0,0,0,0,0,0,0,0,0,0,0,0,0,0,0,0
CT,50K,3,Conventional,B & W,Single,Single,84,164,Normal,0.701819532,0,0,0,2,1,0,0,10,2,1,1,0,0,0,0,7,0,0,0,0,0,0,0,0,0,0,0,0,0,0,0,0,0,0,0,0
CT,50K,3,Conventional,B & W,Single,Single,82,398,Normal,0.6998886,0,0,0,2,0,0,0,0,3,3,1,0,0,0,5,2,0,2,0,0,0,0,0,0,0,0,0,0,0,0,0,0,1,0,0,0
CT,50K,3,New System,B & W,Single,Single,198,274,Normal,0.680059413,0,2,0,2,1,1,0,0,10,36,1,0,1,0,4,6,1,2,5,0,0,0,0,0,0,0,5,0,0,0,0,0,1,0,27,7
CT,50K,3,Conventional,B & W,Single,Single,24,42,Normal,0.953193319,0,11,0,0,0,0,0,15,2,1,5,0,0,0,4,28,3,3,18,0,0,0,0,0,0,0,18,0,0,0,0,0,0,0,0,0
CT,39K,3,Conventional,B & W,Single,Single,113,126,Normal,0.929969178,0,11,1,24,13,4,0,26,12,62,4,0,2,0,8,29,6,9,19,0,0,0,0,0,0,0,20,0,0,0,0,0,0,0,0,0
CT,39K,3,Conventional,B & W,Single,Single,51,105,Normal,0.950039424,0,1,1,11,0,0,2,5,2,40,3,0,0,0,5,36,0,14,1,0,0,0,0,0,0,0,23,0,0,0,0,0,0,0,0,0
CT,50K,3,Conventional,B & W,Single,Single,89,140,Normal,0.855380596,0,0,0,4,6,0,0,1,3,0,1,0,0,0,0,1,0,14,0,0,0,0,0,0,0,0,0,0,0,0,0,0,0,0,0,0
CT,50K,3,Conventional,B & W,Single,Single,83,76,Normal,0.893694217,0,11,2,7,8,0,0,9,3,12,1,0,1,0,6,25,2,3,0,0,0,0,0,0,0,0,0,0,0,0,0,0,0,0,0,0
CT,50K,3,Conventional,B & W,Single,Single,23,58,Normal,0.786780542,0,0,6,3,1,0,0,8,7,18,3,0,1,0,0,28,3,1,0,0,0,0,0,0,0,0,2,0,0,0,0,0,0,0,0,0
CT,50K,3,Conventional,SULZER,Single,Single,244,214,Normal,0.786260676,0,11,1,7,2,0,1,6,3,13,1,0,0,0,6,32,3,16,0,0,0,0,0,0,0,0,0,0,0,0,0,0,0,0,0,0
CT,49K,3,Conventional,B & W,Single,Single,7,19,Normal,0.701819532,0,0,2,2,5,6,0,4,9,12,2,0,0,0,0,2,0,0,0,0,0,0,0,0,0,0,1,0,0,0,0,0,0,0,0,0
CT,49K,3,Conventional,B & W,Single,Single,43,112,Normal,0.622651318,0,9,0,5,1,0,2,0,3,2,2,0,0,0,6,14,0,3,0,0,0,0,0,0,0,0,0,0,0,0,0,0,0,0,0,0
CT,50K,3,Conventional,B & W,Single,Single,115,79,Normal,0.6998886,0,1,1,2,1,0,0,19,2,23,2,0,0,0,4,19,1,2,2,0,0,0,0,0,0,0,0,0,0,0,0,0,0,0,0,0
